layer,tensor,status,solar_dtype,glm_dtype,solar_shape,glm_shape,raw_hash_equal,cosine,rel_rmse,z_cos,note
0,model.layers.0.self_attn.k_proj.weight,ok,BF16,BF16,1024x4096,1024x4096,False,-0.00028401534949173355,1.2266804428649996,-0.25186765590994636,
0,model.layers.0.self_attn.v_proj.weight,ok,BF16,BF16,1024x4096,1024x4096,False,0.0007979089894115419,1.5201380664081838,0.7075936816520847,
0,model.layers.0.self_attn.q_proj.weight,shape_mismatch_but_trunc_test_ok,BF16,BF16,8192x4096,12288x4096,False,0.001629950187752861,1.0362358434333852,1.4454561479651256,Compared Solar vs GLM prefix-rows slice
0,model.layers.0.self_attn.o_proj.weight,shape_or_dtype_mismatch,BF16,BF16,4096x8192,4096x12288,,,,,
0,model.layers.0.input_layernorm.weight,ok,BF16,BF16,4096,4096,False,0.12724736119535385,1.129272615889417,14.105529262042959,
0,model.layers.0.post_attention_layernorm.weight,ok,BF16,BF16,4096,4096,False,0.8538605139747061,0.663863659348885,94.65150673798824,
0,model.layers.0.mlp.gate.weight,missing_in_one_repo,,,,,,,,,
0,model.layers.0.mlp.gate.e_score_correction_bias,missing_in_one_repo,,,,,,,,,
1,model.layers.1.self_attn.k_proj.weight,ok,BF16,BF16,1024x4096,1024x4096,False,-0.00047471186526364925,1.1934070346953782,-0.42097923563132505,
1,model.layers.1.self_attn.v_proj.weight,ok,BF16,BF16,1024x4096,1024x4096,False,-0.0009896464645718268,1.4928757360134977,-0.8776283945826903,
1,model.layers.1.self_attn.q_proj.weight,shape_mismatch_but_trunc_test_ok,BF16,BF16,8192x4096,12288x4096,False,0.00042344683839288415,1.2032092958534197,0.375516896461252,Compared Solar vs GLM prefix-rows slice
1,model.layers.1.self_attn.o_proj.weight,shape_or_dtype_mismatch,BF16,BF16,4096x8192,4096x12288,,,,,
1,model.layers.1.input_layernorm.weight,ok,BF16,BF16,4096,4096,False,0.34181209552832653,1.134666765625833,37.890298630185484,
1,model.layers.1.post_attention_layernorm.weight,ok,BF16,BF16,4096,4096,False,0.8986689460397956,1.5099511923335576,99.61857751841919,
1,model.layers.1.mlp.gate.weight,ok,BF16,BF16,128x4096,128x4096,False,-0.0006035676552309104,1.2233333236614135,-0.5352498404685578,
1,model.layers.1.mlp.gate.e_score_correction_bias,ok,F32,F32,128,128,False,0.004268004880024256,39447.23536254729,0.0836354734061437,
2,model.layers.2.self_attn.k_proj.weight,ok,BF16,BF16,1024x4096,1024x4096,False,-0.0007610926221017708,1.2706230552838358,-0.6749445584619962,
2,model.layers.2.self_attn.v_proj.weight,ok,BF16,BF16,1024x4096,1024x4096,False,-0.0004288520713460843,1.2283431378918983,-0.38031031116931635,
2,model.layers.2.self_attn.q_proj.weight,shape_mismatch_but_trunc_test_ok,BF16,BF16,8192x4096,12288x4096,False,0.0014967948538456035,1.3871992294903541,1.327372664508527,Compared Solar vs GLM prefix-rows slice
2,model.layers.2.self_attn.o_proj.weight,shape_or_dtype_mismatch,BF16,BF16,4096x8192,4096x12288,,,,,
2,model.layers.2.input_layernorm.weight,ok,BF16,BF16,4096,4096,False,0.8316813652957852,1.0950493504885532,92.19292034563527,
2,model.layers.2.post_attention_layernorm.weight,ok,BF16,BF16,4096,4096,False,0.9452874641220799,1.5021105377044643,104.7862985995126,
2,model.layers.2.mlp.gate.weight,ok,BF16,BF16,128x4096,128x4096,False,0.0025047196060023302,1.1973928117542558,2.2212104275506874,
2,model.layers.2.mlp.gate.e_score_correction_bias,ok,F32,F32,128,128,False,0.0020018034720843147,17396.448744542726,0.03922717657550624,
3,model.layers.3.self_attn.k_proj.weight,ok,BF16,BF16,1024x4096,1024x4096,False,-0.001860582511157401,1.2556982525502967,-1.6499832017913374,
3,model.layers.3.self_attn.v_proj.weight,ok,BF16,BF16,1024x4096,1024x4096,False,-0.0008437157468361108,1.21921156856639,-0.7482155728210248,
3,model.layers.3.self_attn.q_proj.weight,shape_mismatch_but_trunc_test_ok,BF16,BF16,8192x4096,12288x4096,False,4.911418338486443e-06,1.3433142752209812,0.004355494962935826,Compared Solar vs GLM prefix-rows slice
3,model.layers.3.self_attn.o_proj.weight,shape_or_dtype_mismatch,BF16,BF16,4096x8192,4096x12288,,,,,
3,model.layers.3.input_layernorm.weight,ok,BF16,BF16,4096,4096,False,0.9132002592424942,2.963225643723824,101.22939177555648,
3,model.layers.3.post_attention_layernorm.weight,ok,BF16,BF16,4096,4096,False,0.9650786778578722,1.3893392761510395,106.98017941447883,
3,model.layers.3.mlp.gate.weight,ok,BF16,BF16,128x4096,128x4096,False,0.001317977047699331,1.1859786093336895,1.168795243430334,
3,model.layers.3.mlp.gate.e_score_correction_bias,ok,F32,F32,128,128,False,0.0006095737695523593,9363.252568958756,0.011945157567905446,
4,model.layers.4.self_attn.k_proj.weight,ok,BF16,BF16,1024x4096,1024x4096,False,-0.0017081432354856816,1.453865493923991,-1.5147985256787402,
4,model.layers.4.self_attn.v_proj.weight,ok,BF16,BF16,1024x4096,1024x4096,False,-0.0006843389584493985,1.3353413016249445,-0.6068786409641599,
4,model.layers.4.self_attn.q_proj.weight,shape_mismatch_but_trunc_test_ok,BF16,BF16,8192x4096,12288x4096,False,-0.0002155567845267178,1.2891124207431974,-0.19115791499082344,Compared Solar vs GLM prefix-rows slice
4,model.layers.4.self_attn.o_proj.weight,shape_or_dtype_mismatch,BF16,BF16,4096x8192,4096x12288,,,,,
4,model.layers.4.input_layernorm.weight,ok,BF16,BF16,4096,4096,False,0.9373838295259651,1.3293386561324643,103.91017081167709,
4,model.layers.4.post_attention_layernorm.weight,ok,BF16,BF16,4096,4096,False,0.9720069831325121,1.340854491407585,107.74819072622435,
4,model.layers.4.mlp.gate.weight,ok,BF16,BF16,128x4096,128x4096,False,0.0006374969063820141,1.170863450790232,0.5653386401390738,
4,model.layers.4.mlp.gate.e_score_correction_bias,ok,F32,F32,128,128,False,0.0016479987689728515,9534.844409194735,0.03229404864574643,
5,model.layers.5.self_attn.k_proj.weight,ok,BF16,BF16,1024x4096,1024x4096,False,-0.0011293332398398354,1.1499984323703218,-1.0015040256404293,
5,model.layers.5.self_attn.v_proj.weight,ok,BF16,BF16,1024x4096,1024x4096,False,0.0014139173816195623,1.1899518108894058,1.2538760922469556,
5,model.layers.5.self_attn.q_proj.weight,shape_mismatch_but_trunc_test_ok,BF16,BF16,8192x4096,12288x4096,False,-0.0003708144753381811,1.1763334915772337,-0.3288419898714757,Compared Solar vs GLM prefix-rows slice
5,model.layers.5.self_attn.o_proj.weight,shape_or_dtype_mismatch,BF16,BF16,4096x8192,4096x12288,,,,,
5,model.layers.5.input_layernorm.weight,ok,BF16,BF16,4096,4096,False,0.9516324466988515,1.6903405398375935,105.4896478600635,
5,model.layers.5.post_attention_layernorm.weight,ok,BF16,BF16,4096,4096,False,0.9786423898749048,1.4048236126184055,108.48373386905375,
5,model.layers.5.mlp.gate.weight,ok,BF16,BF16,128x4096,128x4096,False,-0.0006412291136593307,1.1642641078595342,-0.5686483989249634,
5,model.layers.5.mlp.gate.e_score_correction_bias,ok,F32,F32,128,128,False,0.00040522269457304616,5342.200206692342,0.007940710671197096,
6,model.layers.6.self_attn.k_proj.weight,ok,BF16,BF16,1024x4096,1024x4096,False,0.0008554465094116363,1.273324969721461,0.7586185305387017,
6,model.layers.6.self_attn.v_proj.weight,ok,BF16,BF16,1024x4096,1024x4096,False,0.0007404688875611469,1.2996770201432135,0.6566552241561152,
6,model.layers.6.self_attn.q_proj.weight,shape_mismatch_but_trunc_test_ok,BF16,BF16,8192x4096,12288x4096,False,-0.002503209572405716,1.2587482255155142,-2.2198713146365256,Compared Solar vs GLM prefix-rows slice
6,model.layers.6.self_attn.o_proj.weight,shape_or_dtype_mismatch,BF16,BF16,4096x8192,4096x12288,,,,,
6,model.layers.6.input_layernorm.weight,ok,BF16,BF16,4096,4096,False,0.9385947357191673,1.5963921118334106,104.04440127886596,
6,model.layers.6.post_attention_layernorm.weight,ok,BF16,BF16,4096,4096,False,0.9825738703958217,1.4100321634514434,108.91954340577026,
6,model.layers.6.mlp.gate.weight,ok,BF16,BF16,128x4096,128x4096,False,0.0015651119599845108,1.1412426148220756,1.3879569583241627,
6,model.layers.6.mlp.gate.e_score_correction_bias,ok,F32,F32,128,128,False,0.0002967134021286586,5334.120086047031,0.005814371480483597,
7,model.layers.7.self_attn.k_proj.weight,ok,BF16,BF16,1024x4096,1024x4096,False,0.0012162871017729721,1.1960524463015936,1.0786155811130806,
7,model.layers.7.self_attn.v_proj.weight,ok,BF16,BF16,1024x4096,1024x4096,False,0.00017226190436708466,1.2372508483023468,0.1527635817330492,
7,model.layers.7.self_attn.q_proj.weight,shape_mismatch_but_trunc_test_ok,BF16,BF16,8192x4096,12288x4096,False,-0.0006236414193595419,1.3409214535903464,-0.5530514555059688,Compared Solar vs GLM prefix-rows slice
7,model.layers.7.self_attn.o_proj.weight,shape_or_dtype_mismatch,BF16,BF16,4096x8192,4096x12288,,,,,
7,model.layers.7.input_layernorm.weight,ok,BF16,BF16,4096,4096,False,0.964488396783273,1.9604566866284336,106.9147460185139,
7,model.layers.7.post_attention_layernorm.weight,ok,BF16,BF16,4096,4096,False,0.9840549063895685,1.581295987992954,109.08371809946675,
7,model.layers.7.mlp.gate.weight,ok,BF16,BF16,128x4096,128x4096,False,0.003027841780958316,1.1411628700672913,2.685120410572615,
7,model.layers.7.mlp.gate.e_score_correction_bias,ok,F32,F32,128,128,False,0.0005630047036672255,6759.892765201818,0.011032593974172411,
8,model.layers.8.self_attn.k_proj.weight,ok,BF16,BF16,1024x4096,1024x4096,False,-0.0024021419551744335,1.132495024564657,-2.130243539637739,
8,model.layers.8.self_attn.v_proj.weight,ok,BF16,BF16,1024x4096,1024x4096,False,-0.00023269879872211632,1.2506583171390337,-0.206359624830438,
8,model.layers.8.self_attn.q_proj.weight,shape_mismatch_but_trunc_test_ok,BF16,BF16,8192x4096,12288x4096,False,-0.0012389558107332814,1.3392577132453392,-1.0987184192116393,Compared Solar vs GLM prefix-rows slice
8,model.layers.8.self_attn.o_proj.weight,shape_or_dtype_mismatch,BF16,BF16,4096x8192,4096x12288,,,,,
8,model.layers.8.input_layernorm.weight,ok,BF16,BF16,4096,4096,False,0.9734287762782418,1.3625400837380108,107.9057982760648,
8,model.layers.8.post_attention_layernorm.weight,ok,BF16,BF16,4096,4096,False,0.984334954353854,1.7413837404780415,109.11476176683946,
8,model.layers.8.mlp.gate.weight,ok,BF16,BF16,128x4096,128x4096,False,-0.0010044970462090772,1.1168041105542281,-0.8907980390845357,
8,model.layers.8.mlp.gate.e_score_correction_bias,ok,F32,F32,128,128,False,0.0008418012829701176,7149.809963755879,0.01649586886477618,
9,model.layers.9.self_attn.k_proj.weight,ok,BF16,BF16,1024x4096,1024x4096,False,0.00023247436765342944,1.2998390184654798,0.2061605971113915,
9,model.layers.9.self_attn.v_proj.weight,ok,BF16,BF16,1024x4096,1024x4096,False,0.0005350448564661232,1.2537132371530408,0.47448313637259404,
9,model.layers.9.self_attn.q_proj.weight,shape_mismatch_but_trunc_test_ok,BF16,BF16,8192x4096,12288x4096,False,-0.0022863319126792945,1.3192159234282095,-2.027542034292054,Compared Solar vs GLM prefix-rows slice
9,model.layers.9.self_attn.o_proj.weight,shape_or_dtype_mismatch,BF16,BF16,4096x8192,4096x12288,,,,,
9,model.layers.9.input_layernorm.weight,ok,BF16,BF16,4096,4096,False,0.9829712493645556,0.7752442262333474,108.96359336184747,
9,model.layers.9.post_attention_layernorm.weight,ok,BF16,BF16,4096,4096,False,0.9862722812779438,1.7960285674279515,109.32951688129673,
9,model.layers.9.mlp.gate.weight,ok,BF16,BF16,128x4096,128x4096,False,-0.0007386835645696343,1.1164302661672556,-0.6550719818499543,
9,model.layers.9.mlp.gate.e_score_correction_bias,ok,F32,F32,128,128,False,0.001349896627205495,8274.397370927536,0.02645246353725974,
10,model.layers.10.self_attn.k_proj.weight,ok,BF16,BF16,1024x4096,1024x4096,False,-0.0017747872367741902,1.2096361915522524,-1.573899093359448,
10,model.layers.10.self_attn.v_proj.weight,ok,BF16,BF16,1024x4096,1024x4096,False,0.0006885854175794144,1.1885241117644045,0.6106444434424716,
10,model.layers.10.self_attn.q_proj.weight,shape_mismatch_but_trunc_test_ok,BF16,BF16,8192x4096,12288x4096,False,0.00022933264093405055,1.231533752727465,0.2033744823970435,Compared Solar vs GLM prefix-rows slice
10,model.layers.10.self_attn.o_proj.weight,shape_or_dtype_mismatch,BF16,BF16,4096x8192,4096x12288,,,,,
10,model.layers.10.input_layernorm.weight,ok,BF16,BF16,4096,4096,False,0.9810944767331932,1.1219305385974117,108.7555507665339,
10,model.layers.10.post_attention_layernorm.weight,ok,BF16,BF16,4096,4096,False,0.9874211132882248,1.8130445621205424,109.4568663476115,
10,model.layers.10.mlp.gate.weight,ok,BF16,BF16,128x4096,128x4096,False,-0.0003248391005290429,1.1197056380389176,-0.2880705671174535,
10,model.layers.10.mlp.gate.e_score_correction_bias,ok,F32,F32,128,128,False,-0.00024706112837652504,6543.098290730766,-0.004841389598389888,
11,model.layers.11.self_attn.k_proj.weight,ok,BF16,BF16,1024x4096,1024x4096,False,0.0003231178189707039,1.2006739155826782,0.2865441173955082,
11,model.layers.11.self_attn.v_proj.weight,ok,BF16,BF16,1024x4096,1024x4096,False,0.001349065305087796,1.1594172763240884,1.196364621383921,
11,model.layers.11.self_attn.q_proj.weight,shape_mismatch_but_trunc_test_ok,BF16,BF16,8192x4096,12288x4096,False,-0.00205102257346378,1.1768511615232244,-1.8188673560114876,Compared Solar vs GLM prefix-rows slice
11,model.layers.11.self_attn.o_proj.weight,shape_or_dtype_mismatch,BF16,BF16,4096x8192,4096x12288,,,,,
11,model.layers.11.input_layernorm.weight,ok,BF16,BF16,4096,4096,False,0.9865978353683197,1.043875440859632,109.36560495970588,
11,model.layers.11.post_attention_layernorm.weight,ok,BF16,BF16,4096,4096,False,0.9886903181573627,1.7941628567282788,109.59755929599937,
11,model.layers.11.mlp.gate.weight,ok,BF16,BF16,128x4096,128x4096,False,0.0020547789876216305,1.1246743401173636,1.8221985817014297,
11,model.layers.11.mlp.gate.e_score_correction_bias,ok,F32,F32,128,128,False,0.001003705455099307,5327.713765656027,0.01966852973633019,
12,model.layers.12.self_attn.k_proj.weight,ok,BF16,BF16,1024x4096,1024x4096,False,0.0007608181689260693,1.2065668749465184,0.6747011706375541,
12,model.layers.12.self_attn.v_proj.weight,ok,BF16,BF16,1024x4096,1024x4096,False,-0.0009206246643207957,1.2089352340057091,-0.8164191709719862,
12,model.layers.12.self_attn.q_proj.weight,shape_mismatch_but_trunc_test_ok,BF16,BF16,8192x4096,12288x4096,False,-0.0018111980081905964,1.3120778607952632,-1.6061885300498762,Compared Solar vs GLM prefix-rows slice
12,model.layers.12.self_attn.o_proj.weight,shape_or_dtype_mismatch,BF16,BF16,4096x8192,4096x12288,,,,,
12,model.layers.12.input_layernorm.weight,ok,BF16,BF16,4096,4096,False,0.9872293473944163,1.1961382550996211,109.43560885825244,
12,model.layers.12.post_attention_layernorm.weight,ok,BF16,BF16,4096,4096,False,0.9891564567349378,1.8208820389870155,109.64923134078197,
12,model.layers.12.mlp.gate.weight,ok,BF16,BF16,128x4096,128x4096,False,0.002761992293635496,1.1411815202786957,2.449362423137473,
12,model.layers.12.mlp.gate.e_score_correction_bias,ok,F32,F32,128,128,False,0.00017561360376198667,6754.47644031592,0.003441309768865405,
13,model.layers.13.self_attn.k_proj.weight,ok,BF16,BF16,1024x4096,1024x4096,False,-0.001718006251635646,1.2325326851024143,-1.5235451471635968,
13,model.layers.13.self_attn.v_proj.weight,ok,BF16,BF16,1024x4096,1024x4096,False,0.0008977978009127243,1.2302687616838217,0.7961760799254763,
13,model.layers.13.self_attn.q_proj.weight,shape_mismatch_but_trunc_test_ok,BF16,BF16,8192x4096,12288x4096,False,0.0003847635353705562,1.2313390198768719,0.3412121559867536,Compared Solar vs GLM prefix-rows slice
13,model.layers.13.self_attn.o_proj.weight,shape_or_dtype_mismatch,BF16,BF16,4096x8192,4096x12288,,,,,
13,model.layers.13.input_layernorm.weight,ok,BF16,BF16,4096,4096,False,0.989684030438686,1.4313505540422817,109.70771354619824,
13,model.layers.13.post_attention_layernorm.weight,ok,BF16,BF16,4096,4096,False,0.988928491705783,1.9308282600577904,109.62396113195987,
13,model.layers.13.mlp.gate.weight,ok,BF16,BF16,128x4096,128x4096,False,0.0030487694437537614,1.1190568322734271,2.70367927149825,
13,model.layers.13.mlp.gate.e_score_correction_bias,ok,F32,F32,128,128,False,0.0010490478333204448,10394.461074845069,0.020557055259258772,
14,model.layers.14.self_attn.k_proj.weight,ok,BF16,BF16,1024x4096,1024x4096,False,0.0007880256953162931,1.2432419904072192,0.6988290774822971,
14,model.layers.14.self_attn.v_proj.weight,ok,BF16,BF16,1024x4096,1024x4096,False,-0.001731025352294549,1.242629128979294,-1.5350906159943545,
14,model.layers.14.self_attn.q_proj.weight,shape_mismatch_but_trunc_test_ok,BF16,BF16,8192x4096,12288x4096,False,-0.0006814773928589506,1.3182782257708154,-0.6043409759443344,Compared Solar vs GLM prefix-rows slice
14,model.layers.14.self_attn.o_proj.weight,shape_or_dtype_mismatch,BF16,BF16,4096x8192,4096x12288,,,,,
14,model.layers.14.input_layernorm.weight,ok,BF16,BF16,4096,4096,False,0.9885513150615851,1.3851566742589987,109.58215062884442,
14,model.layers.14.post_attention_layernorm.weight,ok,BF16,BF16,4096,4096,False,0.9894598185221087,1.9237393709401673,109.68285937460308,
14,model.layers.14.mlp.gate.weight,ok,BF16,BF16,128x4096,128x4096,False,0.001819030406628362,1.1211644661400284,1.6131343794140147,
14,model.layers.14.mlp.gate.e_score_correction_bias,ok,F32,F32,128,128,False,-0.00012599204947110759,4227.43891667456,-0.00246892986281367,
15,model.layers.15.self_attn.k_proj.weight,ok,BF16,BF16,1024x4096,1024x4096,False,0.000954579846227158,1.31542839496167,0.8465309662959225,
15,model.layers.15.self_attn.v_proj.weight,ok,BF16,BF16,1024x4096,1024x4096,False,-0.0016014904972206194,1.2717237197468476,-1.4202178094207265,
15,model.layers.15.self_attn.q_proj.weight,shape_mismatch_but_trunc_test_ok,BF16,BF16,8192x4096,12288x4096,False,-0.000414742912272322,1.202454678677002,-0.36779816762098855,Compared Solar vs GLM prefix-rows slice
15,model.layers.15.self_attn.o_proj.weight,shape_or_dtype_mismatch,BF16,BF16,4096x8192,4096x12288,,,,,
15,model.layers.15.input_layernorm.weight,ok,BF16,BF16,4096,4096,False,0.988434510783861,1.0407211181143567,109.56920272845662,
15,model.layers.15.post_attention_layernorm.weight,ok,BF16,BF16,4096,4096,False,0.990355177941955,1.845583608693962,109.78211108700047,
15,model.layers.15.mlp.gate.weight,ok,BF16,BF16,128x4096,128x4096,False,0.003633466149277012,1.1252517826891788,3.2221941648022665,
15,model.layers.15.mlp.gate.e_score_correction_bias,ok,F32,F32,128,128,False,0.0006116363978229373,3576.835247065404,0.01198557666224109,
16,model.layers.16.self_attn.k_proj.weight,ok,BF16,BF16,1024x4096,1024x4096,False,-0.0010488911870122214,1.2443363344579703,-0.9301672076883949,
16,model.layers.16.self_attn.v_proj.weight,ok,BF16,BF16,1024x4096,1024x4096,False,0.0018474986809426232,1.2884056982376177,1.6383803301422621,
16,model.layers.16.self_attn.q_proj.weight,shape_mismatch_but_trunc_test_ok,BF16,BF16,8192x4096,12288x4096,False,0.0004048698196654136,1.3779117042914943,0.3590426102332136,Compared Solar vs GLM prefix-rows slice
16,model.layers.16.self_attn.o_proj.weight,shape_or_dtype_mismatch,BF16,BF16,4096x8192,4096x12288,,,,,
16,model.layers.16.input_layernorm.weight,ok,BF16,BF16,4096,4096,False,0.9897030984862554,1.179860230256768,109.70982726313846,
16,model.layers.16.post_attention_layernorm.weight,ok,BF16,BF16,4096,4096,False,0.9913011427379954,1.8781578069355112,109.88697246869093,
16,model.layers.16.mlp.gate.weight,ok,BF16,BF16,128x4096,128x4096,False,0.003898840314976658,1.1233867828517428,3.457530632262357,
16,model.layers.16.mlp.gate.e_score_correction_bias,ok,F32,F32,128,128,False,2.0598403951101205e-05,2883.3645239161347,0.0004036446335674151,
17,model.layers.17.self_attn.k_proj.weight,ok,BF16,BF16,1024x4096,1024x4096,False,0.001090604868864202,1.1789897535394607,0.9671593184536527,
17,model.layers.17.self_attn.v_proj.weight,ok,BF16,BF16,1024x4096,1024x4096,False,-0.0013386871861504,1.2948038728844224,-1.187161201589201,
17,model.layers.17.self_attn.q_proj.weight,shape_mismatch_but_trunc_test_ok,BF16,BF16,8192x4096,12288x4096,False,-0.000890412988759114,1.2578607678758944,-0.789627154560021,Compared Solar vs GLM prefix-rows slice
17,model.layers.17.self_attn.o_proj.weight,shape_or_dtype_mismatch,BF16,BF16,4096x8192,4096x12288,,,,,
17,model.layers.17.input_layernorm.weight,ok,BF16,BF16,4096,4096,False,0.9897694961595596,1.415529586715718,109.71718752833317,
17,model.layers.17.post_attention_layernorm.weight,ok,BF16,BF16,4096,4096,False,0.9926542849086408,1.8816958303361584,110.03696997201394,
17,model.layers.17.mlp.gate.weight,ok,BF16,BF16,128x4096,128x4096,False,0.006960682514873371,1.1017349291398006,6.172802954811896,
17,model.layers.17.mlp.gate.e_score_correction_bias,ok,F32,F32,128,128,False,0.0006083394725852097,1013.7816450002774,0.011920970385820797,
18,model.layers.18.self_attn.k_proj.weight,ok,BF16,BF16,1024x4096,1024x4096,False,-0.0005368127159928724,1.178982247184274,-0.4760508919033329,
18,model.layers.18.self_attn.v_proj.weight,ok,BF16,BF16,1024x4096,1024x4096,False,-0.00032268291746315376,1.339411668283002,-0.2861584423837372,
18,model.layers.18.self_attn.q_proj.weight,shape_mismatch_but_trunc_test_ok,BF16,BF16,8192x4096,12288x4096,False,0.0005957589535233816,1.167321293071149,0.5283250056020798,Compared Solar vs GLM prefix-rows slice
18,model.layers.18.self_attn.o_proj.weight,shape_or_dtype_mismatch,BF16,BF16,4096x8192,4096x12288,,,,,
18,model.layers.18.input_layernorm.weight,ok,BF16,BF16,4096,4096,False,0.9906433830234961,1.412808700868616,109.8140589810311,
18,model.layers.18.post_attention_layernorm.weight,ok,BF16,BF16,4096,4096,False,0.9932420077417968,1.9206202170922537,110.10211978371278,
18,model.layers.18.mlp.gate.weight,ok,BF16,BF16,128x4096,128x4096,False,0.006348724737938723,1.1109391097834447,5.630112670402188,
18,model.layers.18.mlp.gate.e_score_correction_bias,ok,F32,F32,128,128,False,-0.00027835592338096944,994.9002752035461,-0.005454639833316999,
19,model.layers.19.self_attn.k_proj.weight,ok,BF16,BF16,1024x4096,1024x4096,False,0.00045218520763448005,1.101134682029831,0.4010023700756488,
19,model.layers.19.self_attn.v_proj.weight,ok,BF16,BF16,1024x4096,1024x4096,False,-0.0001890346576866971,1.3538846235834412,-0.16763782733043198,
19,model.layers.19.self_attn.q_proj.weight,shape_mismatch_but_trunc_test_ok,BF16,BF16,8192x4096,12288x4096,False,-0.000179150409740057,1.1480010036769572,-0.1588723772756792,Compared Solar vs GLM prefix-rows slice
19,model.layers.19.self_attn.o_proj.weight,shape_or_dtype_mismatch,BF16,BF16,4096x8192,4096x12288,,,,,
19,model.layers.19.input_layernorm.weight,ok,BF16,BF16,4096,4096,False,0.9902101838548409,1.5181828633454193,109.76603831095703,
19,model.layers.19.post_attention_layernorm.weight,ok,BF16,BF16,4096,4096,False,0.9939488432012658,1.9188537671534303,110.18047337912984,
19,model.layers.19.mlp.gate.weight,ok,BF16,BF16,128x4096,128x4096,False,0.003664338427562982,1.1094637684279853,3.24957201032506,
19,model.layers.19.mlp.gate.e_score_correction_bias,ok,F32,F32,128,128,False,0.0003385321492146291,746.3622782588654,0.006633848216828626,
20,model.layers.20.self_attn.k_proj.weight,ok,BF16,BF16,1024x4096,1024x4096,False,-0.0013135493597495988,1.1298378008140455,-1.1648687254199677,
20,model.layers.20.self_attn.v_proj.weight,ok,BF16,BF16,1024x4096,1024x4096,False,-0.001158685778202937,1.6039318842178802,-1.0275341505817446,
20,model.layers.20.self_attn.q_proj.weight,shape_mismatch_but_trunc_test_ok,BF16,BF16,8192x4096,12288x4096,False,-0.0012682184392197348,1.1922724151132886,-1.1246688111740326,Compared Solar vs GLM prefix-rows slice
20,model.layers.20.self_attn.o_proj.weight,shape_or_dtype_mismatch,BF16,BF16,4096x8192,4096x12288,,,,,
20,model.layers.20.input_layernorm.weight,ok,BF16,BF16,4096,4096,False,0.9917916425310218,1.0257838202349527,109.94134498469884,
20,model.layers.20.post_attention_layernorm.weight,ok,BF16,BF16,4096,4096,False,0.9943958445373866,1.9579601049607969,110.23002403674343,
20,model.layers.20.mlp.gate.weight,ok,BF16,BF16,128x4096,128x4096,False,0.004955957509893473,1.103583163459826,4.394992746131472,
20,model.layers.20.mlp.gate.e_score_correction_bias,ok,F32,F32,128,128,False,0.0007993540764328134,828.5356462074766,0.015664076888592775,
21,model.layers.21.self_attn.k_proj.weight,ok,BF16,BF16,1024x4096,1024x4096,False,0.0023779320356517464,1.222229899467551,2.10877394057959,
21,model.layers.21.self_attn.v_proj.weight,ok,BF16,BF16,1024x4096,1024x4096,False,0.00012313855850370594,1.5187415452585449,0.10920050672599618,
21,model.layers.21.self_attn.q_proj.weight,shape_mismatch_but_trunc_test_ok,BF16,BF16,8192x4096,12288x4096,False,0.0007862826667867322,1.184413807885501,0.6972833423285094,Compared Solar vs GLM prefix-rows slice
21,model.layers.21.self_attn.o_proj.weight,shape_or_dtype_mismatch,BF16,BF16,4096x8192,4096x12288,,,,,
21,model.layers.21.input_layernorm.weight,ok,BF16,BF16,4096,4096,False,0.9921915385134258,1.4692960863611169,109.9856739548919,
21,model.layers.21.post_attention_layernorm.weight,ok,BF16,BF16,4096,4096,False,0.9950064737237526,1.9460026687389627,110.29771304636714,
21,model.layers.21.mlp.gate.weight,ok,BF16,BF16,128x4096,128x4096,False,0.004247432570336804,1.1054090232783722,3.766665734935661,
21,model.layers.21.mlp.gate.e_score_correction_bias,ok,F32,F32,128,128,False,-0.00013900431162808857,715.6172791789626,-0.002723917084285115,
22,model.layers.22.self_attn.k_proj.weight,ok,BF16,BF16,1024x4096,1024x4096,False,-0.0005933976894745438,1.1518875564220519,-0.5262310129991113,
22,model.layers.22.self_attn.v_proj.weight,ok,BF16,BF16,1024x4096,1024x4096,False,-0.0011425898625883127,1.3865193148567347,-1.013260131438643,
22,model.layers.22.self_attn.q_proj.weight,shape_mismatch_but_trunc_test_ok,BF16,BF16,8192x4096,12288x4096,False,0.00036948319730938475,1.2160027032212464,0.3276613991848195,Compared Solar vs GLM prefix-rows slice
22,model.layers.22.self_attn.o_proj.weight,shape_or_dtype_mismatch,BF16,BF16,4096x8192,4096x12288,,,,,
22,model.layers.22.input_layernorm.weight,ok,BF16,BF16,4096,4096,False,0.9920694020436082,1.3380016580825205,109.9721349743363,
22,model.layers.22.post_attention_layernorm.weight,ok,BF16,BF16,4096,4096,False,0.9954319218691741,1.9282309871279735,110.34487450581392,
22,model.layers.22.mlp.gate.weight,ok,BF16,BF16,128x4096,128x4096,False,0.005070544569489864,1.1062489711267989,4.496609697996239,
22,model.layers.22.mlp.gate.e_score_correction_bias,ok,F32,F32,128,128,False,0.0005548069803101857,675.325588530123,0.010871952059954467,
23,model.layers.23.self_attn.k_proj.weight,ok,BF16,BF16,1024x4096,1024x4096,False,0.00013239670987055729,1.19890153954106,0.11741072806438968,
23,model.layers.23.self_attn.v_proj.weight,ok,BF16,BF16,1024x4096,1024x4096,False,0.0001657236325732884,1.3132759401832743,0.14696537683548777,
23,model.layers.23.self_attn.q_proj.weight,shape_mismatch_but_trunc_test_ok,BF16,BF16,8192x4096,12288x4096,False,-0.002059594748870382,1.1787077863333595,-1.8264692469993289,Compared Solar vs GLM prefix-rows slice
23,model.layers.23.self_attn.o_proj.weight,shape_or_dtype_mismatch,BF16,BF16,4096x8192,4096x12288,,,,,
23,model.layers.23.input_layernorm.weight,ok,BF16,BF16,4096,4096,False,0.9919602342883814,1.0732580531156022,109.96003359202584,
23,model.layers.23.post_attention_layernorm.weight,ok,BF16,BF16,4096,4096,False,0.9955374592698663,1.9074541579959259,110.35657345878016,
23,model.layers.23.mlp.gate.weight,ok,BF16,BF16,128x4096,128x4096,False,0.0033460455529766113,1.1038388490853914,2.9673067019240396,
23,model.layers.23.mlp.gate.e_score_correction_bias,ok,F32,F32,128,128,False,-5.0208023508914885e-05,698.1393083694736,-0.0009838723087240294,
24,model.layers.24.self_attn.k_proj.weight,ok,BF16,BF16,1024x4096,1024x4096,False,-0.0013812172580269946,1.1309679991578723,-1.2248772952031879,
24,model.layers.24.self_attn.v_proj.weight,ok,BF16,BF16,1024x4096,1024x4096,False,0.001544041342669127,1.5151500737146963,1.3692713238987748,
24,model.layers.24.self_attn.q_proj.weight,shape_mismatch_but_trunc_test_ok,BF16,BF16,8192x4096,12288x4096,False,0.0007798857536863058,1.2260401357779478,0.6916104957357201,Compared Solar vs GLM prefix-rows slice
24,model.layers.24.self_attn.o_proj.weight,shape_or_dtype_mismatch,BF16,BF16,4096x8192,4096x12288,,,,,
24,model.layers.24.input_layernorm.weight,ok,BF16,BF16,4096,4096,False,0.9922676290192184,1.3283412724583992,109.9941086827003,
24,model.layers.24.post_attention_layernorm.weight,ok,BF16,BF16,4096,4096,False,0.9959317084924167,1.8539079533811376,110.40027647857549,
24,model.layers.24.mlp.gate.weight,ok,BF16,BF16,128x4096,128x4096,False,0.0028950782775963866,1.0994747736500972,2.567384406367199,
24,model.layers.24.mlp.gate.e_score_correction_bias,ok,F32,F32,128,128,False,-9.332960354662926e-05,674.0760083122783,-0.001828879252683911,
25,model.layers.25.self_attn.k_proj.weight,ok,BF16,BF16,1024x4096,1024x4096,False,0.00025607807387045546,1.1006539028782059,0.22709260013977856,
25,model.layers.25.self_attn.v_proj.weight,ok,BF16,BF16,1024x4096,1024x4096,False,-0.0008726738534026082,1.380295205518571,-0.7738959116954784,
25,model.layers.25.self_attn.q_proj.weight,shape_mismatch_but_trunc_test_ok,BF16,BF16,8192x4096,12288x4096,False,-0.0004111589966878797,1.2287277275413506,-0.36461991539325506,Compared Solar vs GLM prefix-rows slice
25,model.layers.25.self_attn.o_proj.weight,shape_or_dtype_mismatch,BF16,BF16,4096x8192,4096x12288,,,,,
25,model.layers.25.input_layernorm.weight,ok,BF16,BF16,4096,4096,False,0.9924292657488875,1.1879108647008536,110.0120263165023,
25,model.layers.25.post_attention_layernorm.weight,ok,BF16,BF16,4096,4096,False,0.9965675991035107,1.878525198711115,110.47076574874961,
25,model.layers.25.mlp.gate.weight,ok,BF16,BF16,128x4096,128x4096,False,0.009207468817062974,1.0967021943116368,8.1652755457327,
25,model.layers.25.mlp.gate.e_score_correction_bias,ok,F32,F32,128,128,False,-8.331766302089723e-05,626.6293543594734,-0.0016326860876988245,
26,model.layers.26.self_attn.k_proj.weight,ok,BF16,BF16,1024x4096,1024x4096,False,0.0006382878329201807,1.1550666932185947,0.5660400417130432,
26,model.layers.26.self_attn.v_proj.weight,ok,BF16,BF16,1024x4096,1024x4096,False,-0.0017458639212401127,1.4821712831776617,-1.5482496075209236,
26,model.layers.26.self_attn.q_proj.weight,shape_mismatch_but_trunc_test_ok,BF16,BF16,8192x4096,12288x4096,False,0.001698874233623094,1.2496862736582321,1.5065786820120766,Compared Solar vs GLM prefix-rows slice
26,model.layers.26.self_attn.o_proj.weight,shape_or_dtype_mismatch,BF16,BF16,4096x8192,4096x12288,,,,,
26,model.layers.26.input_layernorm.weight,ok,BF16,BF16,4096,4096,False,0.9919576014691969,1.2669778101962665,109.95974174072377,
26,model.layers.26.post_attention_layernorm.weight,ok,BF16,BF16,4096,4096,False,0.9961756460563276,1.801733995122628,110.42731726286785,
26,model.layers.26.mlp.gate.weight,ok,BF16,BF16,128x4096,128x4096,False,0.0031240132714100482,1.0944077905908416,2.770406251316052,
26,model.layers.26.mlp.gate.e_score_correction_bias,ok,F32,F32,128,128,False,0.00010682060343025159,752.0156575809989,0.0020932477793624868,
27,model.layers.27.self_attn.k_proj.weight,ok,BF16,BF16,1024x4096,1024x4096,False,0.0029438967178805468,1.172260547839224,2.6106770880534365,
27,model.layers.27.self_attn.v_proj.weight,ok,BF16,BF16,1024x4096,1024x4096,False,0.0007990814385124835,1.407879450416554,0.7086334212550897,
27,model.layers.27.self_attn.q_proj.weight,shape_mismatch_but_trunc_test_ok,BF16,BF16,8192x4096,12288x4096,False,0.0002953692623778794,1.2389565426767286,0.2619364195495063,Compared Solar vs GLM prefix-rows slice
27,model.layers.27.self_attn.o_proj.weight,shape_or_dtype_mismatch,BF16,BF16,4096x8192,4096x12288,,,,,
27,model.layers.27.input_layernorm.weight,ok,BF16,BF16,4096,4096,False,0.9942851649263224,1.1787054675888027,110.21775506332102,
27,model.layers.27.post_attention_layernorm.weight,ok,BF16,BF16,4096,4096,False,0.9965065285704093,1.775538093150928,110.4639960037143,
27,model.layers.27.mlp.gate.weight,ok,BF16,BF16,128x4096,128x4096,False,0.003333797403312749,1.0954286498429133,2.9564449201555827,
27,model.layers.27.mlp.gate.e_score_correction_bias,ok,F32,F32,128,128,False,1.4709284062642907e-05,677.0092366767175,0.000288241923481023,
28,model.layers.28.self_attn.k_proj.weight,ok,BF16,BF16,1024x4096,1024x4096,False,0.0031041415811346017,1.1459781978613144,2.752783837395107,
28,model.layers.28.self_attn.v_proj.weight,ok,BF16,BF16,1024x4096,1024x4096,False,-1.4241584340578952e-05,1.34300536145215,-0.012629579600977945,
28,model.layers.28.self_attn.q_proj.weight,shape_mismatch_but_trunc_test_ok,BF16,BF16,8192x4096,12288x4096,False,0.0010237959920103156,1.2197546759117146,0.9079125374705904,Compared Solar vs GLM prefix-rows slice
28,model.layers.28.self_attn.o_proj.weight,shape_or_dtype_mismatch,BF16,BF16,4096x8192,4096x12288,,,,,
28,model.layers.28.input_layernorm.weight,ok,BF16,BF16,4096,4096,False,0.9936957642037898,1.3243475887020497,110.15241925548459,
28,model.layers.28.post_attention_layernorm.weight,ok,BF16,BF16,4096,4096,False,0.9965873985998095,1.7835689517693032,110.47296054769706,
28,model.layers.28.mlp.gate.weight,ok,BF16,BF16,128x4096,128x4096,False,0.005619629313392349,1.09008146127326,4.983543547135463,
28,model.layers.28.mlp.gate.e_score_correction_bias,ok,F32,F32,128,128,False,0.00021327837630232352,695.9632548981202,0.004179385560879938,
29,model.layers.29.self_attn.k_proj.weight,ok,BF16,BF16,1024x4096,1024x4096,False,0.0028721956712386464,1.1759291603070332,2.547091881914742,
29,model.layers.29.self_attn.v_proj.weight,ok,BF16,BF16,1024x4096,1024x4096,False,0.0005395234152114889,1.423348914382731,0.4784547671139215,
29,model.layers.29.self_attn.q_proj.weight,shape_mismatch_but_trunc_test_ok,BF16,BF16,8192x4096,12288x4096,False,0.00044890701251125756,1.20678337882195,0.3980952338142493,Compared Solar vs GLM prefix-rows slice
29,model.layers.29.self_attn.o_proj.weight,shape_or_dtype_mismatch,BF16,BF16,4096x8192,4096x12288,,,,,
29,model.layers.29.input_layernorm.weight,ok,BF16,BF16,4096,4096,False,0.9936877319262212,1.129899633899248,110.15152886746223,
29,model.layers.29.post_attention_layernorm.weight,ok,BF16,BF16,4096,4096,False,0.9966716470427459,1.7013500958311438,110.48229959304902,
29,model.layers.29.mlp.gate.weight,ok,BF16,BF16,128x4096,128x4096,False,0.004806912675102504,1.096565829589977,4.2628182941820745,
29,model.layers.29.mlp.gate.e_score_correction_bias,ok,F32,F32,128,128,False,-0.000342934459042689,706.4939318648235,-0.006720115518975716,
30,model.layers.30.self_attn.k_proj.weight,ok,BF16,BF16,1024x4096,1024x4096,False,-0.0005389692307295803,1.2626983242537062,-0.4779633107660524,
30,model.layers.30.self_attn.v_proj.weight,ok,BF16,BF16,1024x4096,1024x4096,False,0.0013497481573825066,1.3667083617494198,1.196970181636595,
30,model.layers.30.self_attn.q_proj.weight,shape_mismatch_but_trunc_test_ok,BF16,BF16,8192x4096,12288x4096,False,-0.0015156588045132041,1.2570571459310147,-1.3441014048542588,Compared Solar vs GLM prefix-rows slice
30,model.layers.30.self_attn.o_proj.weight,shape_or_dtype_mismatch,BF16,BF16,4096x8192,4096x12288,,,,,
30,model.layers.30.input_layernorm.weight,ok,BF16,BF16,4096,4096,False,0.9914291507611485,1.6420538229020047,109.90116231828308,
30,model.layers.30.post_attention_layernorm.weight,ok,BF16,BF16,4096,4096,False,0.9969309490245252,1.633004850859877,110.5110435422935,
30,model.layers.30.mlp.gate.weight,ok,BF16,BF16,128x4096,128x4096,False,0.0058583186505507204,1.0993919541920378,5.195215641437281,
30,model.layers.30.mlp.gate.e_score_correction_bias,ok,F32,F32,128,128,False,-0.00017081549007276673,645.8133867031521,-0.0033472863267337907,
31,model.layers.31.self_attn.k_proj.weight,ok,BF16,BF16,1024x4096,1024x4096,False,-0.0008730644253356458,1.1789256641506698,-0.7742422747966787,
31,model.layers.31.self_attn.v_proj.weight,ok,BF16,BF16,1024x4096,1024x4096,False,0.00020709454882941776,1.5074847367341815,0.18365351963806992,
31,model.layers.31.self_attn.q_proj.weight,shape_mismatch_but_trunc_test_ok,BF16,BF16,8192x4096,12288x4096,False,0.00042556767469638645,1.2096226154090906,0.3773976753321397,Compared Solar vs GLM prefix-rows slice
31,model.layers.31.self_attn.o_proj.weight,shape_or_dtype_mismatch,BF16,BF16,4096x8192,4096x12288,,,,,
31,model.layers.31.input_layernorm.weight,ok,BF16,BF16,4096,4096,False,0.9934699540835005,1.2328949260691298,110.12738792100751,
31,model.layers.31.post_attention_layernorm.weight,ok,BF16,BF16,4096,4096,False,0.9971163166828678,1.6145910948461155,110.53159177924259,
31,model.layers.31.mlp.gate.weight,ok,BF16,BF16,128x4096,128x4096,False,0.0032705779993696276,1.095556212063996,2.900381319692885,
31,model.layers.31.mlp.gate.e_score_correction_bias,ok,F32,F32,128,128,False,-0.0005003008657211259,790.068312060037,-0.009803854711115535,
32,model.layers.32.self_attn.k_proj.weight,ok,BF16,BF16,1024x4096,1024x4096,False,0.0001997997064503843,1.1383193643733462,0.1771843803696193,
32,model.layers.32.self_attn.v_proj.weight,ok,BF16,BF16,1024x4096,1024x4096,False,0.0006440350760336237,1.3761541819250562,0.5711367544559212,
32,model.layers.32.self_attn.q_proj.weight,shape_mismatch_but_trunc_test_ok,BF16,BF16,8192x4096,12288x4096,False,-0.0006480402456823959,1.2017455171793867,-0.5746885790061196,Compared Solar vs GLM prefix-rows slice
32,model.layers.32.self_attn.o_proj.weight,shape_or_dtype_mismatch,BF16,BF16,4096x8192,4096x12288,,,,,
32,model.layers.32.input_layernorm.weight,ok,BF16,BF16,4096,4096,False,0.993153774297388,1.17065721090494,110.09233899595964,
32,model.layers.32.post_attention_layernorm.weight,ok,BF16,BF16,4096,4096,False,0.997301296388617,1.6281137706388304,110.5520970111611,
32,model.layers.32.mlp.gate.weight,ok,BF16,BF16,128x4096,128x4096,False,0.005261714917079708,1.0997057090397246,4.666141476518459,
32,model.layers.32.mlp.gate.e_score_correction_bias,ok,F32,F32,128,128,False,-0.0002244947956895366,829.9633353264944,-0.004399181594797801,
33,model.layers.33.self_attn.k_proj.weight,ok,BF16,BF16,1024x4096,1024x4096,False,0.0005960083765014012,1.1544396701044939,0.5285461963965785,
33,model.layers.33.self_attn.v_proj.weight,ok,BF16,BF16,1024x4096,1024x4096,False,-0.001695406002276102,1.3326548457201157,-1.5035030197245154,
33,model.layers.33.self_attn.q_proj.weight,shape_mismatch_but_trunc_test_ok,BF16,BF16,8192x4096,12288x4096,False,0.0011458360165199888,1.234429118143303,1.0161388532505353,Compared Solar vs GLM prefix-rows slice
33,model.layers.33.self_attn.o_proj.weight,shape_or_dtype_mismatch,BF16,BF16,4096x8192,4096x12288,,,,,
33,model.layers.33.input_layernorm.weight,ok,BF16,BF16,4096,4096,False,0.9915793175944514,1.1038492830070483,109.9178084997162,
33,model.layers.33.post_attention_layernorm.weight,ok,BF16,BF16,4096,4096,False,0.9973036358228206,1.6185456038805108,110.5523563403708,
33,model.layers.33.mlp.gate.weight,ok,BF16,BF16,128x4096,128x4096,False,0.0017547519144326905,1.1032562557889931,1.5561315688838016,
33,model.layers.33.mlp.gate.e_score_correction_bias,ok,F32,F32,128,128,False,0.00019430224083487302,938.8548427634491,0.0038075307673984655,
34,model.layers.34.self_attn.k_proj.weight,ok,BF16,BF16,1024x4096,1024x4096,False,0.002033989509553276,1.1305636195737039,1.8037622643754885,
34,model.layers.34.self_attn.v_proj.weight,ok,BF16,BF16,1024x4096,1024x4096,False,-7.083725398694377e-05,1.5471782435583326,-0.06281918616271238,
34,model.layers.34.self_attn.q_proj.weight,shape_mismatch_but_trunc_test_ok,BF16,BF16,8192x4096,12288x4096,False,0.00021821514909618295,1.2216668834308113,0.19351537931049298,Compared Solar vs GLM prefix-rows slice
34,model.layers.34.self_attn.o_proj.weight,shape_or_dtype_mismatch,BF16,BF16,4096x8192,4096x12288,,,,,
34,model.layers.34.input_layernorm.weight,ok,BF16,BF16,4096,4096,False,0.9924089299365876,1.4894658604449362,110.00977206625484,
34,model.layers.34.post_attention_layernorm.weight,ok,BF16,BF16,4096,4096,False,0.9972691974819106,1.6516845567395373,110.54853880717499,
34,model.layers.34.mlp.gate.weight,ok,BF16,BF16,128x4096,128x4096,False,0.0019744034326472275,1.0942787557105624,1.7509207347114975,
34,model.layers.34.mlp.gate.e_score_correction_bias,ok,F32,F32,128,128,False,0.000616153243977351,878.0514519248744,0.012074088408840819,
35,model.layers.35.self_attn.k_proj.weight,ok,BF16,BF16,1024x4096,1024x4096,False,-0.001109801940606877,1.1583090575778148,-0.9841834739044599,
35,model.layers.35.self_attn.v_proj.weight,ok,BF16,BF16,1024x4096,1024x4096,False,0.001218705892206403,1.355773987889851,1.0807605886899452,
35,model.layers.35.self_attn.q_proj.weight,shape_mismatch_but_trunc_test_ok,BF16,BF16,8192x4096,12288x4096,False,-0.000657381062530524,1.205170662379964,-0.5829721089210781,Compared Solar vs GLM prefix-rows slice
35,model.layers.35.self_attn.o_proj.weight,shape_or_dtype_mismatch,BF16,BF16,4096x8192,4096x12288,,,,,
35,model.layers.35.input_layernorm.weight,ok,BF16,BF16,4096,4096,False,0.9930288661481848,1.2077765487085403,110.07849277127487,
35,model.layers.35.post_attention_layernorm.weight,ok,BF16,BF16,4096,4096,False,0.9973972052985509,1.6140796766866312,110.56272863387497,
35,model.layers.35.mlp.gate.weight,ok,BF16,BF16,128x4096,128x4096,False,0.006446497502266398,1.0910034792209873,5.716818536853128,
35,model.layers.35.mlp.gate.e_score_correction_bias,ok,F32,F32,128,128,False,-3.9850184491716324e-05,926.5937633034966,-0.0007809009452838112,
36,model.layers.36.self_attn.k_proj.weight,ok,BF16,BF16,1024x4096,1024x4096,False,-0.0009483484010355203,1.1398548913167934,-0.8410048583015559,
36,model.layers.36.self_attn.v_proj.weight,ok,BF16,BF16,1024x4096,1024x4096,False,-0.0007124319481252976,1.387447675795245,-0.6317917855172045,
36,model.layers.36.self_attn.q_proj.weight,shape_mismatch_but_trunc_test_ok,BF16,BF16,8192x4096,12288x4096,False,-0.0018795317051070923,1.2079507176265558,-1.6667875367332086,Compared Solar vs GLM prefix-rows slice
36,model.layers.36.self_attn.o_proj.weight,shape_or_dtype_mismatch,BF16,BF16,4096x8192,4096x12288,,,,,
36,model.layers.36.input_layernorm.weight,ok,BF16,BF16,4096,4096,False,0.9921289988995929,1.5312534312434947,109.97874136041867,
36,model.layers.36.post_attention_layernorm.weight,ok,BF16,BF16,4096,4096,False,0.9974483272934084,1.6115389695067692,110.56839557099352,
36,model.layers.36.mlp.gate.weight,ok,BF16,BF16,128x4096,128x4096,False,0.00716394626042433,1.0921725539768468,6.353059279742975,
36,model.layers.36.mlp.gate.e_score_correction_bias,ok,F32,F32,128,128,False,0.000731659883926286,927.0110315384287,0.014337547047066943,
37,model.layers.37.self_attn.k_proj.weight,ok,BF16,BF16,1024x4096,1024x4096,False,0.00044415428523169036,1.1404915504599882,0.3938804676714121,
37,model.layers.37.self_attn.v_proj.weight,ok,BF16,BF16,1024x4096,1024x4096,False,0.0010086543704781652,1.3497062069101395,0.8944847958756267,
37,model.layers.37.self_attn.q_proj.weight,shape_mismatch_but_trunc_test_ok,BF16,BF16,8192x4096,12288x4096,False,0.0031056613542958214,1.1411120292908603,2.7541315874526875,Compared Solar vs GLM prefix-rows slice
37,model.layers.37.self_attn.o_proj.weight,shape_or_dtype_mismatch,BF16,BF16,4096x8192,4096x12288,,,,,
37,model.layers.37.input_layernorm.weight,ok,BF16,BF16,4096,4096,False,0.9916605542880615,1.5776020500683083,109.92681368888559,
37,model.layers.37.post_attention_layernorm.weight,ok,BF16,BF16,4096,4096,False,0.997587040716457,1.574693054198846,110.58377212756389,
37,model.layers.37.mlp.gate.weight,ok,BF16,BF16,128x4096,128x4096,False,0.0064058867748565795,1.0915156078982866,5.680804537131586,
37,model.layers.37.mlp.gate.e_score_correction_bias,ok,F32,F32,128,128,False,0.0010052376772972057,1016.552923899428,0.019698555036789533,
38,model.layers.38.self_attn.k_proj.weight,ok,BF16,BF16,1024x4096,1024x4096,False,-0.002556282929794501,1.1433360575166474,-2.2669372994176515,
38,model.layers.38.self_attn.v_proj.weight,ok,BF16,BF16,1024x4096,1024x4096,False,7.560625589658984e-05,1.4118233013922328,0.06704838481046918,
38,model.layers.38.self_attn.q_proj.weight,shape_mismatch_but_trunc_test_ok,BF16,BF16,8192x4096,12288x4096,False,0.00032268411626598523,1.2185235093733953,0.28615950549409236,Compared Solar vs GLM prefix-rows slice
38,model.layers.38.self_attn.o_proj.weight,shape_or_dtype_mismatch,BF16,BF16,4096x8192,4096x12288,,,,,
38,model.layers.38.input_layernorm.weight,ok,BF16,BF16,4096,4096,False,0.9928987616348307,1.2371227007080434,110.06407052311978,
38,model.layers.38.post_attention_layernorm.weight,ok,BF16,BF16,4096,4096,False,0.9977814197678097,1.616467815323196,110.60531928870756,
38,model.layers.38.mlp.gate.weight,ok,BF16,BF16,128x4096,128x4096,False,0.004398134236928742,1.0830580102256555,3.9003094819168025,
38,model.layers.38.mlp.gate.e_score_correction_bias,ok,F32,F32,128,128,False,-8.89405108997359e-05,933.0942675943368,-0.001742870953334388,
39,model.layers.39.self_attn.k_proj.weight,ok,BF16,BF16,1024x4096,1024x4096,False,0.0002619342768114424,1.165073044751546,0.23228593954878904,
39,model.layers.39.self_attn.v_proj.weight,ok,BF16,BF16,1024x4096,1024x4096,False,-0.0018086396810657664,1.488131705828527,-1.6039197799378315,
39,model.layers.39.self_attn.q_proj.weight,shape_mismatch_but_trunc_test_ok,BF16,BF16,8192x4096,12288x4096,False,-0.00038642318348253873,1.2452694672458784,-0.342683948551305,Compared Solar vs GLM prefix-rows slice
39,model.layers.39.self_attn.o_proj.weight,shape_or_dtype_mismatch,BF16,BF16,4096x8192,4096x12288,,,,,
39,model.layers.39.input_layernorm.weight,ok,BF16,BF16,4096,4096,False,0.9931585036171737,1.405003033078464,110.0928632469775,
39,model.layers.39.post_attention_layernorm.weight,ok,BF16,BF16,4096,4096,False,0.9978460932462812,1.5748233751638823,110.6124884247469,
39,model.layers.39.mlp.gate.weight,ok,BF16,BF16,128x4096,128x4096,False,0.009894105256939904,1.0758290858919244,8.774191616232567,
39,model.layers.39.mlp.gate.e_score_correction_bias,ok,F32,F32,128,128,False,0.0003093949608217311,873.2624234782019,0.006062878264013068,
40,model.layers.40.self_attn.k_proj.weight,ok,BF16,BF16,1024x4096,1024x4096,False,-1.5878091332965987e-05,1.1446206513876058,-0.014080850388949058,
40,model.layers.40.self_attn.v_proj.weight,ok,BF16,BF16,1024x4096,1024x4096,False,-0.0030354723202369992,1.397437589355832,-2.691887249213168,
40,model.layers.40.self_attn.q_proj.weight,shape_mismatch_but_trunc_test_ok,BF16,BF16,8192x4096,12288x4096,False,0.00010135191147882494,1.2108449645407,0.08987988998428062,Compared Solar vs GLM prefix-rows slice
40,model.layers.40.self_attn.o_proj.weight,shape_or_dtype_mismatch,BF16,BF16,4096x8192,4096x12288,,,,,
40,model.layers.40.input_layernorm.weight,ok,BF16,BF16,4096,4096,False,0.9916345247499719,1.3944221167873856,109.9239282820076,
40,model.layers.40.post_attention_layernorm.weight,ok,BF16,BF16,4096,4096,False,0.9979522056551208,1.6002840388316846,110.62425111808602,
40,model.layers.40.mlp.gate.weight,ok,BF16,BF16,128x4096,128x4096,False,0.003883648550556744,1.0775056290193448,3.44405842345242,
40,model.layers.40.mlp.gate.e_score_correction_bias,ok,F32,F32,128,128,False,0.0005687272772257322,962.7460072541337,0.011144733056043486,
41,model.layers.41.self_attn.k_proj.weight,ok,BF16,BF16,1024x4096,1024x4096,False,0.0018148082442601915,1.1464981058689432,1.6093901235474026,
41,model.layers.41.self_attn.v_proj.weight,ok,BF16,BF16,1024x4096,1024x4096,False,0.0006483134735221853,1.3841138020535637,0.5749308801904051,
41,model.layers.41.self_attn.q_proj.weight,shape_mismatch_but_trunc_test_ok,BF16,BF16,8192x4096,12288x4096,False,-0.00031725394744353284,1.2808816000163614,-0.2813439774074804,Compared Solar vs GLM prefix-rows slice
41,model.layers.41.self_attn.o_proj.weight,shape_or_dtype_mismatch,BF16,BF16,4096x8192,4096x12288,,,,,
41,model.layers.41.input_layernorm.weight,ok,BF16,BF16,4096,4096,False,0.9910046872024111,1.4347071229278676,109.85411000150263,
41,model.layers.41.post_attention_layernorm.weight,ok,BF16,BF16,4096,4096,False,0.9979084070431764,1.6541975584712125,110.61939598712995,
41,model.layers.41.mlp.gate.weight,ok,BF16,BF16,128x4096,128x4096,False,0.0068450895286875195,1.0750213800352812,6.0702939371747755,
41,model.layers.41.mlp.gate.e_score_correction_bias,ok,F32,F32,128,128,False,0.00024343327432388274,740.6015401039788,0.004770298468067795,
42,model.layers.42.self_attn.k_proj.weight,ok,BF16,BF16,1024x4096,1024x4096,False,-4.3800155027292463e-05,1.1229530801941856,-0.03884241606997193,
42,model.layers.42.self_attn.v_proj.weight,ok,BF16,BF16,1024x4096,1024x4096,False,0.0003361429339499804,1.2944127873667506,0.2980949197857973,
42,model.layers.42.self_attn.q_proj.weight,shape_mismatch_but_trunc_test_ok,BF16,BF16,8192x4096,12288x4096,False,0.0031156475376749385,1.1416092690678186,2.7629874348696886,Compared Solar vs GLM prefix-rows slice
42,model.layers.42.self_attn.o_proj.weight,shape_or_dtype_mismatch,BF16,BF16,4096x8192,4096x12288,,,,,
42,model.layers.42.input_layernorm.weight,ok,BF16,BF16,4096,4096,False,0.9901585938399668,1.4610111062128313,109.76031949323382,
42,model.layers.42.post_attention_layernorm.weight,ok,BF16,BF16,4096,4096,False,0.9978536165472789,1.5119347110628445,110.6133223920793,
42,model.layers.42.mlp.gate.weight,ok,BF16,BF16,128x4096,128x4096,False,0.00463232431732939,1.075453786912285,4.107991590272675,
42,model.layers.42.mlp.gate.e_score_correction_bias,ok,F32,F32,128,128,False,0.00018770796615295984,800.3493585320766,0.0036783099018429365,
43,model.layers.43.self_attn.k_proj.weight,ok,BF16,BF16,1024x4096,1024x4096,False,0.00010746290558031765,1.102855179606297,0.09529918074577264,
43,model.layers.43.self_attn.v_proj.weight,ok,BF16,BF16,1024x4096,1024x4096,False,-0.0007874127465080225,1.384874283610832,-0.6982855083413749,
43,model.layers.43.self_attn.q_proj.weight,shape_mismatch_but_trunc_test_ok,BF16,BF16,8192x4096,12288x4096,False,-0.00020371736177956758,1.2021321906932099,-0.1806585963448838,Compared Solar vs GLM prefix-rows slice
43,model.layers.43.self_attn.o_proj.weight,shape_or_dtype_mismatch,BF16,BF16,4096x8192,4096x12288,,,,,
43,model.layers.43.input_layernorm.weight,ok,BF16,BF16,4096,4096,False,0.9906399321590007,1.781530487333396,109.8136764483824,
43,model.layers.43.post_attention_layernorm.weight,ok,BF16,BF16,4096,4096,False,0.9975761596580626,1.556843441823937,110.58256594862121,
43,model.layers.43.mlp.gate.weight,ok,BF16,BF16,128x4096,128x4096,False,0.006936541933758795,1.0797716933284092,6.151394845748379,
43,model.layers.43.mlp.gate.e_score_correction_bias,ok,F32,F32,128,128,False,-0.0004086199213956182,647.1924116422599,-0.008007282449243482,
44,model.layers.44.self_attn.k_proj.weight,ok,BF16,BF16,1024x4096,1024x4096,False,0.0004973649007782845,1.1303774861248284,0.44106817436131435,
44,model.layers.44.self_attn.v_proj.weight,ok,BF16,BF16,1024x4096,1024x4096,False,-0.0013725636735094921,1.3023963555128464,-1.217203209800612,
44,model.layers.44.self_attn.q_proj.weight,shape_mismatch_but_trunc_test_ok,BF16,BF16,8192x4096,12288x4096,False,-3.796269418742234e-05,1.1878216697753616,-0.03366569734390538,Compared Solar vs GLM prefix-rows slice
44,model.layers.44.self_attn.o_proj.weight,shape_or_dtype_mismatch,BF16,BF16,4096x8192,4096x12288,,,,,
44,model.layers.44.input_layernorm.weight,ok,BF16,BF16,4096,4096,False,0.9901450633521552,1.2841269176149692,109.758819621724,
44,model.layers.44.post_attention_layernorm.weight,ok,BF16,BF16,4096,4096,False,0.9970296629265505,1.4076536101294586,110.52198610189166,
44,model.layers.44.mlp.gate.weight,ok,BF16,BF16,128x4096,128x4096,False,0.006973445326758451,1.0928266790375467,6.184121144191686,
44,model.layers.44.mlp.gate.e_score_correction_bias,ok,F32,F32,128,128,False,-0.0003912535833271046,580.7674436726617,-0.0076669731134952485,
45,model.layers.45.self_attn.k_proj.weight,ok,BF16,BF16,1024x4096,1024x4096,False,0.0010197310212746752,1.160647942538684,0.9043076807177406,
45,model.layers.45.self_attn.v_proj.weight,ok,BF16,BF16,1024x4096,1024x4096,False,0.001532578427228834,1.259861334470842,1.359105895702703,
45,model.layers.45.self_attn.q_proj.weight,shape_mismatch_but_trunc_test_ok,BF16,BF16,8192x4096,12288x4096,False,0.0004166563236703293,1.1774926320242904,0.36949500000863916,Compared Solar vs GLM prefix-rows slice
45,model.layers.45.self_attn.o_proj.weight,shape_or_dtype_mismatch,BF16,BF16,4096x8192,4096x12288,,,,,
45,model.layers.45.input_layernorm.weight,ok,BF16,BF16,4096,4096,False,0.9929978512795805,1.3893380054073992,110.07505473426926,
45,model.layers.45.post_attention_layernorm.weight,ok,BF16,BF16,4096,4096,False,0.9965539519983715,1.1016630957238494,110.46925295006307,
45,model.layers.45.mlp.gate.weight,ok,BF16,BF16,128x4096,128x4096,False,0.005296708248018741,1.1170043159536633,4.697173912800047,
45,model.layers.45.mlp.gate.e_score_correction_bias,ok,F32,F32,128,128,False,0.0004937743082048378,585.4396099700062,0.009675960825580879,
